Fecha,15015020,15060050,15060070,15060080,15060150,15065040,16050240,16060010,16070010,16070020,16070030,16070040,23210020,23215050
1980-01-01,0.0,0.0,0.0,0.0,0.0,13.42419888706903,72.58428764890382,53.0,50.0,172.0575338581375,200.0,67.0,36.64606999089726,50.0
1980-01-02,0.0,27.0,133.0,23.0,23.0,44.58337665203224,66.28711053784275,16.0,87.0,156.7423676224256,97.0,59.0,31.713507368140668,14.0
1980-01-03,0.0,0.0,0.0,0.0,4.0,13.033868294699346,43.0673021071771,6.0,18.0,70.36914495797127,0.0,34.0,8.05215358692699,9.0
1980-01-04,27.2,141.0,251.0,68.0,29.0,72.3,120.95533554409671,230.0,167.0,336.2635959615083,345.0,229.0,97.39460946145509,80.0
1980-01-05,152.5,181.0,371.0,55.0,93.0,45.2,191.9141743054554,306.0,727.0,350.8737374158715,306.0,288.0,155.01650208243797,280.0
1980-01-06,92.3,27.0,151.0,30.0,27.0,62.70828571405497,94.7505316678832,89.0,312.0,188.88343220265594,89.0,212.0,47.58532427172468,59.0
1980-01-07,30.1,176.0,108.0,63.0,64.0,87.6,84.12013696808944,25.0,141.0,195.69759484234535,25.0,410.0,62.79761962865426,96.0
1980-01-08,41.8,105.0,42.0,111.0,76.0,141.9,135.89999480794484,48.0,474.0,302.4623692697938,48.0,508.0,93.10659018639997,172.0
1980-01-09,92.7,114.0,380.0,121.0,63.0,98.1,167.1048900813587,44.0,647.0,306.2196829166467,44.0,510.0,111.09789328463243,319.0
1980-01-10,132.8,96.0,352.0,74.0,82.0,135.4,137.41052335568287,24.0,549.0,273.16233159671697,24.0,575.0,89.34490316935299,209.0
1980-01-11,160.0,26.0,197.0,164.0,125.0,233.5,192.80964841078713,354.0,368.0,609.7619816309566,505.0,549.0,195.1923265310197,157.0
1980-01-12,4.0,10.0,16.0,97.0,20.0,15.7,145.65624611360738,299.0,240.0,339.56489745960266,360.0,437.0,120.62303395792807,168.5
1981-01-01,0.0,33.0,42.0,25.0,20.0,39.4,85.63851607095049,182.0,180.0,184.37762791101343,140.0,83.0,54.593790515600055,40.5
1981-01-02,2.8,30.9,85.0,64.0,15.0,45.080596429214395,145.23432160420316,424.0,315.0,354.2119735926603,408.0,354.0,116.39018446329017,88.6
1981-01-03,0.0,17.0,91.0,0.0,35.0,16.5,91.65153300341238,132.0,147.0,166.91801327765307,124.0,193.0,72.28327086923937,189.9
1981-01-04,116.9,68.0,397.0,308.0,75.0,195.3,348.0914925770023,1005.0,998.0,978.2954208220904,1107.0,863.0,312.6367752902755,91.1
1981-01-05,316.1,305.0,289.0,194.0,60.0,125.1,241.14486745239367,517.0,575.0,599.0379207220478,505.0,589.0,226.15263375881707,401.5
1981-01-06,108.7,72.0,655.0,122.0,103.0,94.5,213.07384894050773,307.0,625.0,465.38711970801455,358.0,233.0,196.31438349175758,404.3
1981-01-07,75.0,84.0,639.0,30.0,36.0,158.7193839091736,158.7121482985259,259.0,459.0,454.2724000929984,458.04063491270614,296.0,124.07415191345794,195.0
1981-01-08,134.2,112.0,466.0,186.0,116.0,153.71183481870216,217.83043740764168,336.0,468.0,585.1747930447771,477.7930775242009,763.0,218.44938615049168,336.0
1981-01-09,52.2,189.0,398.0,66.0,24.0,117.73361140770739,182.05731875055056,237.0,601.0,458.7621132992276,459.24172034488544,341.0,127.09360829098402,214.2
1981-01-10,407.0,231.0,354.0,296.0,342.0,191.7544261258877,318.22180173945776,285.0,634.0,782.7511576902621,520.314505701803,598.0,399.8924997679278,774.3
1981-01-11,77.9,195.0,199.0,40.0,26.0,83.5,205.49475064863728,171.0,610.0,434.4146288203243,389.69004036498455,740.7,154.26002431693044,508.2
1981-01-12,82.1,20.0,54.0,0.0,7.0,19.0,86.92125989585873,220.7,96.0,196.77057895186974,229.1837255755692,308.0,60.34951735455083,64.9
1982-01-01,0.8,0.0,46.0,0.0,0.0,0.1,72.1133961755803,77.0,99.0,141.63131196896762,154.49547936387523,287.0,31.237047466470123,29.0
1982-01-02,0.0,11.0,15.0,0.0,0.0,0.0,103.18772245598122,253.0,173.0,203.95704014464522,248.74399925601583,623.0,68.58411122377703,106.0
1982-01-03,0.0,0.0,37.0,0.0,28.0,36.791980299033426,105.98425161787137,202.0,271.0,231.5134659207012,265.96544414217703,298.0,67.21264407889169,40.0
1982-01-04,16.7,110.0,139.0,139.0,29.0,76.51871040090207,208.9178924060149,342.0,709.0,487.5095524548576,491.16844318098293,465.0,145.3711980271064,141.0
1982-01-05,97.2,369.0,412.0,186.0,383.0,180.3,241.50603378118117,516.0,368.0,643.4577174714748,525.6230582593219,518.0,363.06302518163807,414.0
1982-01-06,32.5,59.0,175.0,54.0,89.0,36.4,124.35768620934972,317.0,143.0,294.8226804705213,299.22293960715416,340.0,135.37669111046708,160.0
1982-01-07,19.2,20.0,62.0,15.0,48.0,34.2,102.52906421436855,125.0,229.0,221.7002473674942,227.17964291571124,383.0,70.2042020837402,58.0
1982-01-08,19.5,10.0,107.0,24.0,89.0,80.7,120.5494288600642,150.0,305.0,290.90097941266237,278.5029492233972,306.0,98.86274845539036,74.0
1982-01-09,159.5,203.0,140.0,173.0,140.0,80.5,259.7068408765491,663.0,520.0,610.606792155306,582.1140080248985,463.0,295.44093698202346,526.1
1982-01-10,108.5,100.0,62.0,100.0,177.0,90.4539660636473,279.01208096007326,866.0,604.0,630.7586425600202,675.261437360414,851.0,329.6815853326293,559.2
1982-01-11,13.5,17.0,80.0,7.0,29.0,60.41206439377466,192.81137226966666,394.0,721.0,406.06300982404775,495.4081335160468,291.0,133.00741310852746,195.5
1982-01-12,0.0,15.0,0.0,0.0,19.0,23.77837462719023,115.96371265117332,507.0,206.0,277.9704227633822,394.5,291.0,101.11448717406071,17.0
1983-01-01,0.0,0.0,0.0,0.0,0.0,18.30943602537124,80.60778944162936,61.0,135.0,188.74448849752494,233.0,161.0,34.14057063533478,7.0
1983-01-02,0.0,0.0,0.0,0.0,0.0,11.444013975434356,52.82718460078364,0.0,18.0,90.8081442320787,20.0,11.0,20.200417675920797,91.1
1983-01-03,7.1,10.0,12.0,0.0,23.0,19.46986538037931,77.44501530866516,55.0,25.0,165.50173087112077,137.0,115.0,58.96500609170809,174.0
1983-01-04,55.8,105.5,110.0,58.0,50.0,72.56013965081263,176.27354400248433,328.1,436.0,400.17439679465355,399.0,989.0,146.32206922052094,263.0
1983-01-05,20.6,168.9,150.0,141.0,32.0,73.1455109814448,201.91055503727551,130.6,512.0,515.4628224384811,555.0,486.0,143.31342714037552,205.6
1983-01-06,191.9,178.0,22.0,79.0,59.0,94.0,168.68210658175784,120.5,411.0,440.60063617461276,469.0,506.0,126.06004944314466,159.6
1983-01-07,26.6,129.0,78.0,85.0,109.0,35.8,176.95471808802105,89.1,455.0,421.00132477544264,510.0,370.0,144.69234763214416,129.9
1983-01-08,15.2,132.0,0.0,55.0,16.0,71.0,201.26614870606642,115.7,930.0,401.0070889828551,405.0,426.0,95.00752552925384,148.5
1983-01-09,49.6,110.0,70.0,133.0,95.0,69.5,216.57835290973912,463.7,619.0,517.3150927793259,572.0,488.0,192.13081303003202,148.3
1983-01-10,149.7,130.0,56.0,155.0,31.0,59.094622307944675,252.84733956560305,282.8,572.0,617.0038929060836,675.7,382.0,214.01861895758333,485.4
1983-01-11,4.4,104.0,44.0,23.0,16.0,33.767068773736746,130.96895615540865,296.0,317.0,262.86239368616714,236.0,140.0,103.71492857106631,246.2
1983-01-12,0.2,0.0,21.5,0.0,0.0,23.605245534123743,87.43120167361394,60.0,180.0,198.15974352210242,231.0,147.0,38.38464830787984,37.0
1984-01-01,0.0,0.0,2.0,20.0,0.0,19.96972369947669,82.15731083077775,113.0,222.0,153.8843464831473,111.0,41.0,35.147591374329224,35.0
1984-01-02,0.0,2.0,15.0,40.0,27.0,12.3,95.33223012439575,69.3,271.0,158.7533647819659,76.0,133.0,53.832658435107355,108.0
1984-01-03,0.0,5.0,14.0,52.0,0.0,0.0,3.0,48.0,53.0,68.25857168581612,0.0,43.0,20.651339767375745,10.0
1984-01-04,18.2,44.0,87.0,53.0,0.0,16.9,166.0,303.0,383.6,332.4473794304303,345.0,386.0,118.80605686147004,276.0
1984-01-05,22.9,87.0,51.0,32.0,34.0,26.6,115.0,342.0,623.0,366.0179683596936,500.0,515.0,147.7392486380412,275.9
1984-01-06,234.5,84.0,114.0,35.0,91.0,108.4,159.0,189.0,254.0,405.93932678050606,373.0,205.0,161.43338294247727,382.6
1984-01-07,79.2,178.0,169.0,209.0,193.0,152.1,308.0,311.0,388.0,704.5788660738797,590.0,419.0,288.2161271555059,497.8
1984-01-08,38.7,145.0,195.0,114.0,87.0,59.2,207.0,197.0,522.0,714.3895775248159,1095.0,504.0,217.6893439094114,188.5
1984-01-09,242.0,288.0,130.1,214.0,112.0,130.1,304.0,356.8,701.0,626.752438292106,484.0,515.0,220.4858681519287,307.3
1984-01-10,63.1,141.0,283.0,293.0,281.0,156.7,288.0,429.1,827.0,795.9761841058623,730.0,616.0,361.2731863404034,465.4
1984-01-11,134.4,171.0,141.0,74.0,46.0,234.6,225.0,335.0,793.0,734.4324906665529,830.0,569.0,206.160854764105,364.4
1984-01-12,0.0,2.0,0.0,5.0,0.0,0.2,83.0,141.0,881.0,152.89748270177165,169.0,216.0,35.28355451514199,0.3
1985-01-01,0.0,0.0,0.0,0.0,0.0,7.0,9.0,30.0,40.0,66.52004258365892,45.0,45.0,11.858978461415814,1.1
1985-01-02,0.0,0.0,3.0,2.0,11.0,0.0,17.0,0.0,41.0,99.53178405319215,125.0,125.0,21.768940248595136,0.2
1985-01-03,0.0,0.0,40.0,4.0,12.0,12.5,113.0,350.0,182.0,282.9447417328961,410.0,195.0,94.6083956225887,75.0
1985-01-04,26.3,196.0,144.0,107.0,109.0,124.0,279.0,760.0,239.0,704.7884005766111,890.0,890.0,252.4920226363876,152.7
1985-01-05,7.8,145.0,277.0,269.0,158.0,29.8,173.0,282.0,583.0,624.2023539486397,759.0,456.0,259.23593546815187,232.7
1985-01-06,74.8,102.0,19.0,72.0,36.0,21.8,140.0,110.0,110.0,418.7007915949897,617.0,263.0,108.06290933640095,23.2
1985-01-07,59.7,160.3,42.0,148.0,18.0,43.0,197.0,320.0,158.0,397.12148356717285,350.0,152.0,115.45322333072671,67.2
1985-01-08,187.5,57.4,70.0,135.0,31.0,125.5,255.0,500.0,461.0,577.4290467680057,553.0,409.0,179.37898936979042,227.8
1985-01-09,115.9,139.2,226.4,188.0,39.5,131.2,355.0,520.0,633.0,693.9562823035387,563.0,622.0,240.311416164366,519.9
1985-01-10,232.4,291.8,212.1,165.0,74.9,87.0,143.0,770.0,650.0,509.9285541517874,516.0,597.0,248.6852208483043,383.6
1985-01-11,85.4,122.2,45.5,10.0,37.6,20.0,180.0,480.0,587.0,712.1212635252166,1351.0,747.0,210.89753283010177,73.2
1985-01-12,55.3,97.0,87.7,123.0,69.9,117.1,185.0,680.0,248.0,459.0458626912422,408.0,643.0,179.4820610168854,119.9
1986-01-01,8.3,0.0,0.0,0.0,0.0,0.0,73.0,220.0,115.0,149.9193561023049,180.0,103.0,43.277647151955534,3.7
1986-01-02,0.0,30.1,19.8,5.0,14.0,16.0,450.0,290.0,84.0,411.11053544993604,295.0,177.0,80.4443075951093,86.4
1986-01-03,9.2,79.8,64.9,71.8,35.1,61.8,318.0,100.0,62.0,144.0,234.0,180.0,79.23868207379519,90.7
1986-01-04,1.1,144.0,344.5,214.0,183.0,36.7,423.0,730.0,535.0,415.0,649.0,844.0,280.3292681907777,169.4
1986-01-05,50.9,163.8,208.7,202.0,139.7,125.3,327.0,473.0,575.0,729.0,400.0,476.0,215.35760044873388,195.4
1986-01-06,27.3,107.2,113.4,107.0,45.7,80.3,107.0,340.0,274.0,170.0,240.0,140.0,105.31023393671886,36.1
1986-01-07,12.9,0.0,4.5,0.0,0.0,62.7,43.0,140.0,93.0,97.0,353.0,188.0,53.98884970208146,11.4
1986-01-08,78.3,65.3,123.8,148.0,48.5,91.0,189.0,310.0,327.0,349.0,450.0,387.0,141.43980729514035,96.1
1986-01-09,150.6,75.9,85.0,145.0,84.9,68.1,269.0,510.0,495.0,502.0,684.0,422.0,224.74917950623023,274.9
1986-01-10,156.1,262.1,163.1,119.0,188.5,59.3,416.0,757.0,702.0,483.0,1029.0,498.0,348.8690887787785,466.9
1986-01-11,3.7,45.8,0.0,116.0,4.6,0.3,169.0,280.0,304.0,102.0,401.0,215.0,104.64900379621767,65.7
1986-01-12,1.5,0.0,0.0,0.0,0.0,0.2,33.0,220.0,40.0,54.0,410.0,185.0,71.22420815968398,38.9
1987-01-01,0.0,0.0,0.0,0.0,0.0,2.5,23.0,70.0,107.0,9.0,127.0,8.0,24.009194253250016,3.4
1987-01-02,0.0,7.5,18.5,69.0,46.4,0.0,60.0,0.0,35.0,54.0,59.0,50.0,52.00891392044478,58.7
1987-01-03,0.0,5.3,31.2,35.0,8.7,4.4,126.0,150.0,135.0,114.0,100.0,226.0,85.19854763186821,307.0
1987-01-04,0.0,189.7,249.2,118.0,114.1,174.5,166.0,410.0,447.0,420.0,409.0,335.0,191.71534142687702,251.6
1987-01-05,39.1,140.6,257.7,242.0,194.4,177.9,112.0,392.0,312.0,646.0,549.0,226.0,273.93731236877034,333.3
1987-01-06,23.0,85.0,58.6,64.0,12.2,72.8,93.0,250.0,255.0,248.0,686.0,76.0,131.29320400176172,121.5
1987-01-07,3.5,41.3,144.8,132.0,112.3,82.5,220.0,230.0,432.0,354.0,849.0,500.09345627678067,195.86492415906395,90.7
1987-01-08,45.3,98.3,71.6,56.0,31.4,113.9,159.0,250.0,791.0,593.0,860.0,463.0535944844627,167.01344280128936,202.0
1987-01-09,69.3,149.5,117.7,72.0,57.9,144.6,397.0,390.0,566.0,678.0,506.8552945815334,527.9872212656586,198.94912999977066,462.8
1987-01-10,64.6,236.3,280.0,284.0,208.5,176.5,312.0,360.0,757.0,851.0,573.9685645879879,501.92172541281684,337.3923378543732,663.3
1987-01-11,18.3,105.1,72.8,54.0,46.4,49.0,175.0,440.0,381.0,515.0,558.0,430.92957810002343,176.74976734601532,306.8
1987-01-12,0.0,33.0,14.9,98.0,58.0,6.6,135.0,220.0,478.0,182.0,473.0,324.2039636431778,164.2943171247821,326.6
1988-01-01,0.0,0.0,0.0,0.0,0.0,0.0,3.0,32.0,30.0,22.0,14.0,84.706123612007,8.82986700469389,0.0
1988-01-02,0.0,8.8,1.9,0.0,0.0,0.0,66.0,70.0,53.0,52.0,125.0,157.17969946386876,38.45798541644127,100.3
1988-01-03,0.0,26.3,0.0,0.0,0.0,8.0,66.0,150.0,125.0,95.0,69.0,163.51000555891227,27.30150036490962,13.5
1988-01-04,0.9,91.6,147.1,272.0,188.8,37.2,139.0,460.0,400.0,297.0,285.0,350.68678468805217,237.77638671900323,200.4
1988-01-05,195.8,108.0,117.8,88.0,98.9,63.6,154.0,120.0,266.0,637.0,328.0,285.4077224799384,132.21793335209108,170.7
1988-01-06,143.7,182.3,194.7,231.0,138.2,140.3,319.0,310.0,420.0,550.0,564.0,492.5078137258741,243.9075500266641,344.8
1988-01-07,59.6,114.7,74.9,80.0,47.9,137.4,147.0,220.0,350.0,761.0,287.0,292.72625541527543,100.60838231314214,77.5
1988-01-08,257.0,132.3,357.4,296.0,379.1,151.1,386.0,600.0,741.0,1210.0,508.0,604.4963472143131,369.0846263352216,281.5
1988-01-09,269.2,118.9,260.4,83.0,90.3,82.0,374.0,343.0,544.0,1103.0,587.0,551.3676843577467,166.09961399157194,118.7
1988-01-10,242.2,245.5,214.9,147.0,220.9,146.9,384.0,360.0,726.0,1151.0,1077.0,686.6366684057135,316.6618019140881,342.2
1988-01-11,118.1,117.2,156.0,113.0,201.2,78.3,284.0,385.0,762.0,992.0,581.0,492.69082133507976,252.6951882653515,324.8
1988-01-12,0.2,25.0,14.6,14.0,8.0,24.9,129.0,111.0,163.0,235.0,297.0,442.0,54.57125311949307,29.4
1989-01-01,0.0,3.9,0.0,0.0,0.0,0.0,93.0,80.0,247.0,150.0,183.0,143.0,30.331266072377897,2.6
1989-01-02,0.0,1.2,18.6,0.0,4.1,0.6,48.0,180.0,78.0,107.0,249.0,350.0,64.37733017846864,111.8
1989-01-03,0.0,7.9,4.0,0.0,0.0,0.5,199.0,410.0,545.0,325.0,524.0,316.0,135.58119455142582,273.1
1989-01-04,0.2,19.5,40.3,10.0,47.3,26.6,22.0,350.0,283.0,242.0,178.0,234.0,87.9192234285777,76.6
1989-01-05,56.5,255.7,166.3,57.0,247.9,113.0,294.0,450.0,665.0,409.0,270.0,492.0,223.6945718914558,239.0
1989-01-06,67.3,55.9,26.6,55.0,41.0,17.8,141.0,352.0,694.0,288.0,510.0,436.0,147.09318785082226,209.8
1989-01-07,78.9,61.5,139.4,151.0,84.1,118.0,114.0,350.0,395.0,351.0,418.0,405.0,167.09952109006184,159.9
1989-01-08,120.2,67.6,88.7,115.0,75.1,41.9,216.0,336.0,476.0,553.0,252.0,358.0,134.43614118100504,132.0
1989-01-09,120.4,203.6,94.2,55.0,107.9,148.9,368.0,371.0,663.0,553.0,601.0,550.0,195.12555460002002,272.1
1989-01-10,56.8,151.2,146.2,115.0,102.9,78.6,294.0,381.0,819.0,788.0,666.0,496.0,193.7972820377732,150.8
1989-01-11,43.6,45.4,85.0,15.0,91.6,41.6,314.0,348.0,799.0,650.0,939.0,495.0,213.8897922477321,287.3
1989-01-12,189.2,30.6,85.0,50.0,65.4,46.8,116.0,101.0,169.0,38.0,106.0,97.0,88.45923018953529,179.1
1990-01-01,0.0,0.0,0.0,0.0,0.0,0.0,31.0,190.0,285.0,190.0,217.0,142.0,43.60182845739078,0.3
1990-01-02,2.5,1.7,0.0,0.0,0.0,0.0,61.0,110.0,52.0,173.0,122.0,97.0,44.2866695064242,116.1
1990-01-03,0.0,0.0,7.1,0.0,16.8,0.0,67.0,180.0,306.0,140.0,172.0,85.0,46.19683240701468,6.6
1990-01-04,30.6,84.4,111.0,121.0,120.4,51.5,219.9,264.0,343.0,154.0,641.0,642.0,214.75762247264439,322.0
1990-01-05,79.0,137.8,119.8,77.0,152.7,75.2,89.0,166.0,361.0,455.0,792.0,432.0,184.53753425293075,52.3
1990-01-06,14.8,94.0,31.8,5.0,3.4,67.7,102.0,190.0,183.0,229.0,188.0,307.0,82.41281731227069,260.1
1990-01-07,19.8,89.9,152.1,115.0,78.5,32.9,98.0,344.0,364.0,299.0,343.0,326.0,133.68834213814424,53.5
1990-01-08,59.9,76.4,46.9,82.0,100.9,81.4,116.0,402.0,310.0,506.0,314.0,407.0,155.27887319462664,160.4
1990-01-09,85.0,270.4,75.8,143.0,46.3,140.4,91.0,400.0,424.0,525.0,363.0,324.22576797961585,151.66203142321115,177.3
1990-01-10,403.1,195.6,287.1,476.0,355.8,184.6,201.0,550.0,528.0,712.0,544.0,489.07097721382775,409.7287830594952,388.7
1990-01-11,55.6,213.1,88.5,110.0,26.9,107.1,238.0,598.0,568.0,565.0,539.0,501.4356467453419,189.90030790589395,289.7
1990-01-12,51.9,52.5,31.8,6.0,0.0,0.0,153.1,442.0,170.0,120.0,242.0,334.77809410115026,74.83847989191662,27.2
1991-01-01,0.0,0.0,0.0,10.0,0.0,0.0,10.0,197.0,39.0,78.0,66.0,143.58827815884737,31.315716146372374,0.0
1991-01-02,17.5,0.0,0.0,15.0,0.0,0.0,43.0,190.0,180.0,109.0,297.0,224.55503555843862,55.681756325179634,8.7
1991-01-03,0.0,57.2,49.9,0.0,66.5,27.9,56.0,377.0,224.0,234.0,263.0,269.5462112561038,114.35356641822781,139.5
1991-01-04,0.0,16.8,110.9,78.0,40.2,34.8,114.0,802.0,524.0,386.0,346.0,436.23458200740026,163.71058511961607,120.8
1991-01-05,65.2,87.4,146.4,225.0,108.1,121.3,330.0,640.0,432.0,569.0,456.0,546.6848829587204,237.04824247441195,256.6
1991-01-06,31.2,29.0,42.2,284.0,40.1,87.2,126.0,327.0,396.0,420.0,256.0,293.0598594206267,154.656481322697,146.1
1991-01-07,45.1,5.9,25.2,0.0,17.1,61.5,116.0,468.0,282.0,156.0,308.0,338.28320657472403,90.16557613691292,30.2
1991-01-08,32.3,117.9,69.7,85.0,41.8,100.0,88.0,341.0,162.0,188.0,223.0,270.4152264954715,108.20656363812556,105.0
1991-01-09,83.0,183.8,198.1,219.0,109.2,125.3,250.0,825.0,320.0,416.0,679.0,369.0,305.4421364189192,454.4
1991-01-10,110.4,184.3,147.0,129.0,43.5,74.9,160.0,461.0,526.0,280.0,312.0,369.2147543928963,156.4257444021739,230.2
1991-01-11,4.8,93.8,108.8,10.0,72.7,18.2,242.0,678.0,658.0,520.0,769.0,587.3547730571765,232.04948009491144,372.8
1991-01-12,0.0,2.5,3.0,0.0,0.0,17.1,69.0,472.0,167.0,199.0,257.0,234.0,73.8288090171815,0.0
1992-01-01,0.0,0.3,2.7,0.0,1.8,0.0,71.0,85.0,90.0,61.0,0.0,40.0,21.5563458627724,55.6
1992-01-02,0.0,0.0,0.0,0.0,0.0,0.0,30.0,110.0,49.0,100.0,39.0,145.0,20.085450717313016,10.0
1992-01-03,0.0,0.0,0.0,0.0,0.0,9.3,9.0,203.0,15.0,0.0,72.0,78.0,31.11070718448216,4.0
1992-01-04,36.8,86.4,29.2,0.0,13.4,5.6,111.0,364.0,268.0,498.0,246.0,235.0,95.31562788763927,179.1
1992-01-05,27.4,162.7,147.0,197.8,131.8,82.0,271.0,505.0,645.0,634.0,693.0,520.0,297.73636664710284,557.2
1992-01-06,70.4,150.2,164.4,50.0,89.2,138.3,84.0,242.0,350.0,355.0,363.0,209.0,137.02877397226132,180.4
1992-01-07,96.6,122.2,105.5,25.0,8.6,28.1,193.0,597.0,466.0,572.0,497.0,594.0,132.83399274373224,100.8
1992-01-08,79.1,97.5,82.0,104.0,17.2,105.4,164.0,320.0,501.0,516.0,341.0,236.0,128.6131080607533,219.4
1992-01-09,146.6,197.6,227.6,149.0,274.8,178.5,223.0,446.0,470.0,869.0,481.0,369.0,308.3909182329446,471.0
1992-01-10,34.9,77.5,134.0,140.0,53.5,82.0,180.0,303.0,433.0,521.0,478.0,303.0,165.21654404011647,236.1
1992-01-11,2.7,74.0,93.4,85.0,34.1,6.6,196.0,499.0,474.0,888.0,637.0,492.0,184.11885478043993,261.4
1992-01-12,0.0,7.5,30.0,0.0,0.0,17.7,74.0,65.0,202.0,156.0,214.0,276.0,36.15147779608793,30.2
1993-01-01,1.0,0.5,7.4,10.0,27.4,0.0,33.0,300.0,122.0,153.0,139.0,85.0,85.08223508332128,169.0
1993-01-02,0.0,0.0,0.0,0.0,0.0,0.0,21.0,0.0,5.0,23.0,41.0,67.0,10.764492758536973,15.0
1993-01-03,0.0,0.5,45.1,67.0,36.0,13.4,58.0,356.0,118.0,322.0,366.0,366.0,127.61352992679993,170.4
1993-01-04,19.1,138.2,470.1,108.0,138.9,92.4,30.4,549.0,563.0,506.0,697.0,363.0,251.11118835851678,315.8
1993-01-05,204.6,142.5,209.2,148.0,118.0,199.1,26.0,388.0,473.0,543.0,662.0,451.0,267.56463048933074,552.7
1993-01-06,44.5,41.3,54.8,70.0,36.2,66.2,4.7,140.0,414.0,160.0,216.0,206.0,88.06543847670143,135.4
1993-01-07,26.0,76.4,47.3,0.0,22.8,61.4,12.8,190.0,233.0,666.0,335.0,153.0,78.27246627716181,90.0
1993-01-08,125.1,91.6,115.7,221.0,70.3,115.2,15.5,350.0,389.0,559.0,335.0,254.0,206.3504314981274,420.9
1993-01-09,125.3,128.0,180.7,100.0,88.1,99.2,38.2,823.0,637.0,470.0,746.0,495.0,284.68134987559586,487.2
1993-01-10,51.5,44.6,58.8,123.0,34.1,22.7,50.0,655.0,588.0,367.0,680.0,289.0,181.51453778143033,70.5
1993-01-11,74.2,28.0,165.3,183.0,97.4,73.5,11.0,914.0,650.0,808.0,813.0,451.0,301.11616309202395,362.8
1993-01-12,0.0,6.5,0.0,55.0,22.9,0.0,50.0,205.0,437.0,258.0,359.0,181.0,84.54441544895303,35.0
1994-01-01,0.0,14.607806754294547,0.0,18.0,7.7,0.0,11.0,0.0,64.0,33.0,80.0,51.0,25.118028274391087,40.0
1994-01-02,0.0,24.142887354681548,9.4,34.0,16.3,0.0,21.0,109.0,75.0,68.0,156.0,132.0,54.86161836145754,75.5
1994-01-03,0.0,19.77534581589574,0.0,0.0,6.1,0.0,63.0,184.0,9.0,157.14187735471816,151.0,118.0,75.53170916023272,241.4
1994-01-04,0.5,89.91384382179324,117.5,104.0,61.4,13.5,212.0,408.0,400.0,487.0,373.0,298.0,151.61995844549017,174.5
1994-01-05,143.2,70.23093843603029,119.2,21.0,24.7,124.0,281.0,575.0,425.0,587.0,497.0,399.0,165.6807712548195,292.5
1994-01-06,3.4,31.65800514508852,33.2,38.0,0.0,0.0,66.0,140.0,176.0,518.0,258.0,231.0,66.238676326963,105.0
1994-01-07,12.4,42.237286241638266,32.5,15.0,42.4,48.1,159.0,647.0,366.0,484.0,421.0,424.0,155.27671614409812,187.6
1994-01-08,27.5,68.158398018376,68.7,66.0,29.0,27.2,214.0,587.0,412.0,405.39042585797336,431.0,404.0,167.15878654560512,267.6
1994-01-09,61.4,93.40977846609483,135.3,85.0,73.3,163.9,160.0,572.0,313.0,157.0,235.0,297.0,195.4961015000289,445.1
1994-01-10,130.3,175.09298566871183,337.9,121.0,280.8,104.9,220.0,758.0,593.0,675.0,713.0,506.0,336.7352594925644,334.5
1994-01-11,214.5,137.33039090445274,200.7,105.0,129.2,126.8,430.0,911.0,465.0,673.0,1254.0,1173.0,327.42062696424784,265.1
1994-01-12,0.0,13.658172015309011,4.3,0.0,0.0,2.0,67.0,215.0,291.0,105.0,298.0,389.0,59.17993832603516,35.2
1995-01-01,2.4,10.5,32.5,15.0,3.8,33.0,7.0,45.0,31.0,63.0,41.0,9.0,17.98029930559044,5.0
1995-01-02,0.0,20.0,1.2,0.0,0.0,0.0,5.0,0.0,46.0,41.0,20.0,16.0,7.942899638829722,10.0
1995-01-03,2.8,30.0,58.9,35.0,23.2,24.3,192.0,395.0,272.0,197.0,197.0,457.0,110.59383631811716,220.5
1995-01-04,215.2,111.5,101.0,77.0,32.2,86.5,146.0,527.0,399.0,645.0,308.0,434.0,139.81100973786215,180.7
1995-01-05,12.8,167.8,190.6,248.0,286.5,182.5,184.0,378.0,355.0,391.0,444.0,311.0,183.0,288.3
1995-01-06,79.7,100.1,100.3,74.0,197.3,152.8,260.0,242.0,514.0,166.0,310.0,324.0,211.0,217.4
1995-01-07,79.9,95.0,90.1,310.0,75.8,65.1,242.0,682.0,615.0,163.0,545.0,422.0,257.0,430.2
1995-01-08,267.8,204.7,143.7,119.0,205.5,202.6,335.0,515.0,704.0,493.0,404.0,395.0,422.0,895.2
1995-01-09,212.8,90.5,245.9,23.9,311.1,96.0,224.0,751.0,808.0,583.0,658.0,481.0,422.0,724.9
1995-01-10,235.4,170.5,216.3,41.0,175.1,125.7,346.0,898.0,920.0,741.0,779.0,670.0,420.0,357.5
1995-01-11,1.9,7.2,132.0,6.6,101.7,76.4,85.0,430.0,707.0,324.0,385.0,224.0,80.0,171.0
1995-01-12,1.2,9.0,3.9,3.4,44.7,17.0,95.0,383.0,290.0,276.0,324.0,111.0,46.0,84.2
1996-01-01,0.0,30.0,0.0,0.3,11.6,5.2,31.0,155.0,59.0,60.0,247.0,103.0,16.0,30.3
1996-01-02,0.0,10.0,15.0,0.0,12.2,0.0,64.0,211.0,54.0,265.0,133.0,111.0,40.0,65.9
1996-01-03,41.5,10.1,47.7,6.9,22.4,27.5,68.0,205.0,234.0,329.0,216.0,163.0,150.0,258.7
1996-01-04,0.5,73.5,168.4,13.9,73.4,30.5,159.0,539.0,369.0,220.0,386.0,505.0,138.0,251.4
1996-01-05,81.6,145.5,232.9,16.2,114.7,34.4,266.0,731.0,758.0,753.0,562.0,407.0,263.0,533.0
1996-01-06,95.7,110.0,63.7,9.8,59.2,27.7,282.0,620.0,415.0,308.0,286.0,457.0,354.0,488.2
1996-01-07,152.0,46.0,104.5,5.5,52.6,60.0,222.0,663.0,279.0,461.0,401.0,350.0,180.0,266.7
1996-01-08,53.8,118.0,138.0,102.0,45.1,102.0,169.0,679.0,549.0,706.0,553.0,415.0,387.0,467.6
1996-01-09,83.3,184.5,186.0,69.0,125.3,196.0,328.0,808.0,992.0,816.0,597.0,318.0,98.0,532.8
1996-01-10,197.7,80.5,185.0,147.0,89.5,86.0,354.0,855.0,1398.0,1011.0,1016.0,608.0,253.0,657.9
1996-01-11,26.4,152.5,212.4,242.0,194.8,145.1,177.0,680.0,578.0,543.0,416.0,642.0,102.0,276.7
1996-01-12,2.3,94.0,36.6,29.0,85.0,17.8,242.0,577.0,728.0,475.0,693.0,755.0,66.0,60.4
1997-01-01,0.0,32.0,8.6,15.0,5.0,2.0,60.0,497.0,272.0,294.0,378.0,153.0,55.0,55.7
1997-01-02,0.0,0.0,0.0,22.0,0.0,0.0,54.0,247.0,330.0,432.0,176.0,322.0,38.0,30.3
1997-01-03,0.0,0.0,0.0,0.0,0.0,11.707602969947137,31.0,0.0,93.0,56.0,125.0,66.0,24.0,15.4
1997-01-04,2.6,26.0,102.8,130.0,57.0,55.44852298926226,144.0,81.0,257.0,223.0,263.0,515.0,36.0,381.5
1997-01-05,0.0,89.0,153.4,133.0,30.2,51.77580317891982,68.0,420.0,433.0,250.0,319.0,144.0,47.0,342.6
1997-01-06,108.2,127.2,374.7,220.0,90.0,116.57628261708243,265.0,254.0,673.0,497.0,430.0,309.0,188.0,341.8
1997-01-07,10.8,10.0,0.0,13.0,0.0,28.348793596240842,90.0,110.0,86.0,247.0,103.0,433.0,45.0,200.7
1997-01-08,20.7,90.8,18.0,60.0,70.6,42.54340739418854,44.0,242.0,220.0,296.0,225.0,135.0,59.0,180.9
1997-01-09,109.5,151.5,163.6,169.0,113.0,87.09870382751485,206.0,809.0,522.0,508.0,547.0,418.0,228.0,411.4
1997-01-10,34.3,125.0,79.7,110.0,25.9,75.28324314051854,167.0,285.0,618.0,725.0,474.0,520.0,81.0,131.1
1997-01-11,84.3,18.0,149.7,78.0,0.0,57.3153349275184,164.0,285.0,187.0,366.0,331.0,407.0,112.0,190.6
1997-01-12,0.0,0.0,0.0,0.0,0.0,8.375718334043725,88.0,69.0,18.0,18.0,147.0,30.0,0.0,0.0
1998-01-01,0.0,0.0,0.0,0.0,0.0,8.417524767575076,5.3,44.0,30.0,10.0,69.0,54.0,0.0,0.0
1998-01-02,0.5,0.0,0.0,0.0,0.0,15.824445978052184,29.7,235.0,75.0,75.0,316.0,357.0,40.0,243.8
1998-01-03,2.4,9.4,28.0,34.0,31.2,22.21078388999045,80.3,173.0,128.0,15.0,153.0,305.0,97.0,291.8
1998-01-04,24.7,130.6,0.0,142.0,0.0,57.34293177391738,176.7,534.0,650.0,647.0,606.0,903.0,202.0,330.6
1998-01-05,74.4,221.5,146.0,722.0,165.4,130.1998970631617,182.0,574.0,929.0,1131.0,312.0,148.0,252.0,471.6
1998-01-06,232.5,98.0,141.0,248.0,142.4,80.86117349405063,148.9,291.0,563.0,396.0,365.0,93.0,148.0,378.2
1998-01-07,47.8,46.0,87.0,110.0,94.3,69.24690835613887,184.8,436.0,455.0,424.0,419.0,445.0,316.0,413.7
1998-01-08,106.3,66.3,2.0,348.0,0.0,47.93858055928344,242.0,160.0,770.0,590.0,266.0,341.0,373.0,418.2
1998-01-09,161.7,131.4,150.0,267.0,149.8,86.7238974106206,278.2,218.0,354.0,343.0,331.0,469.0,261.0,557.1
1998-01-10,77.0,52.8,91.0,199.0,88.5,86.41169450365908,310.6,344.0,733.0,702.0,478.0,448.0,241.0,563.6
1998-01-11,76.5,54.5,58.0,50.0,54.4,61.342786044124125,237.0,375.0,622.0,465.0,788.0,543.0,188.0,202.0
1998-01-12,9.4,40.0,77.0,168.0,75.0,77.69286919158468,172.0,844.0,781.0,658.0,797.0,581.0,78.0,309.8
1999-01-01,2.2,0.2,0.0,0.0,0.0,13.445715384166842,61.0,888.0,259.0,162.0,132.0,132.0,117.40248361440709,112.6
1999-01-02,0.1,9.5,0.0,15.0,0.0,31.66784708848055,131.0,437.0,449.0,366.0,378.0,313.0,70.0,121.0
1999-01-03,20.5,16.0,42.0,60.0,0.0,24.611249512320647,139.0,81.0,86.0,249.6938622457416,171.0,157.0,72.59374265906447,211.6
1999-01-04,84.0,76.5,98.0,93.0,25.5,69.30431201306091,290.0,522.0,535.0,494.67259868564116,420.0,1004.0,88.0,380.4
1999-01-05,17.7,98.0,172.0,147.0,151.1,86.06478664564898,187.0,257.0,255.0,473.94493906498786,357.0,368.0,108.0,551.6
1999-01-06,162.7,103.5,130.6,60.3,98.6,85.29394459408304,119.0,590.0,604.0,467.04521736437374,541.0,467.0,230.0,532.5
1999-01-07,62.0,48.0,117.8,67.0,94.8,72.79891890100257,104.0,246.0,449.0,351.46770879659823,343.0,271.0,295.0,323.5
1999-01-08,138.3,95.5,130.0,68.0,107.2,74.56829105099425,158.0,366.0,371.0,300.66982295299744,5.0,348.0,131.0,901.9
1999-01-09,289.3,162.8,263.8,203.0,231.0,138.47022315400181,311.0,353.0,569.0,559.8091519610603,134.0,329.0,328.0,1026.5
1999-01-10,314.2,175.5,386.1,197.0,371.5,212.30450129603264,605.0,450.0,1171.0,939.4131350772973,658.0,236.0,348.0,694.1
1999-01-11,221.5,113.0,206.5,147.8,230.0,144.65683168576408,216.0,212.0,1027.0,570.7192075501991,451.0,300.0,25.0,570.3
1999-01-12,51.5,55.7,305.5,149.0,346.6,172.86465079393562,342.0,457.0,534.0,639.609153898798,516.0,1067.0,6.0,155.5
2000-01-01,2.6,43.5,6.0,70.0,0.0,23.088755657113722,101.0,213.0,197.0,238.08585544041654,207.0,264.0,15.0,101.0
2000-01-02,0.0,29.0,5.0,5.0,0.0,33.31536575329564,103.0,323.0,451.0,291.0045083670887,389.0,452.0,43.0,140.4
2000-01-03,0.0,3.0,0.0,0.0,0.0,32.58313273423913,67.0,194.0,412.0,262.54122775685335,403.0,463.0,39.0,15.0
2000-01-04,1.5,22.0,0.0,70.0,40.1,26.47512403896228,155.0,427.0,224.0,298.1249917461637,199.0,199.0,139.0,429.7
2000-01-05,47.6,59.3,6.0,136.0,74.4,54.5315201759505,231.0,633.0,670.0,666.9390197971695,724.0,533.0,180.0,1018.6
2000-01-06,99.1,26.0,0.0,133.0,0.0,34.44006498929856,150.0,259.0,485.0,447.4230289818203,488.0,165.0,155.0,374.5
2000-01-07,79.2,72.4,0.0,29.0,38.5,38.88757000359587,107.0,322.0,349.0,290.6101521175204,330.0,421.0,80.0,192.7
2000-01-08,51.5,63.2,46.0,95.0,173.9,68.92667503356968,127.0,292.0,313.0,340.43396112414166,299.0,161.0,126.0,160.5
2000-01-09,173.1,81.5,34.0,217.0,140.4,69.88517485070405,393.0,290.0,363.0,656.2830780121035,379.0,533.0,386.0,975.2
2000-01-10,29.2,182.5,54.0,104.0,170.9,80.625181322126,254.0,540.0,558.0,577.3986308936041,606.0,538.0,255.0,486.8
2000-01-11,36.1,80.6,35.0,105.0,125.8,61.319330555534805,193.0,322.0,415.0,495.0050982683121,468.0,398.0,110.0,666.9
2000-01-12,115.0,10.3,71.0,43.0,58.7,46.40356663775368,60.0,56.0,136.0,201.19515610984934,126.0,128.0,35.0,249.0
2001-01-01,0.0,0.0,0.0,0.0,0.0,11.361492260782796,25.0,60.0,0.0,60.114910960892956,0.0,44.0,3.0,10.0
2001-01-02,0.0,0.0,0.0,0.0,0.0,12.092178741945439,12.0,5.0,22.0,52.999238956577315,0.0,10.0,0.0,0.0
2001-01-03,0.0,14.5,0.0,35.0,66.3,35.98440884592489,105.0,123.0,287.0,295.32109938871866,299.0,215.0,176.0,363.0
2001-01-04,0.0,15.8,0.0,12.0,10.4,33.90450963760422,80.0,263.0,448.1,230.24170140228546,282.0,357.0,25.0,50.5
2001-01-05,105.3,123.2,17.0,217.0,136.3,75.6324953110405,187.0,476.0,715.0,557.2002595584895,500.0,366.0,100.0,502.9
2001-01-06,6.9,21.9,49.1067302024629,33.0,0.0,40.25656423019802,76.0,169.0,473.0,259.82911424439885,271.0,240.0,160.0,253.3
2001-01-07,25.8,103.0,108.77626743785906,85.0,111.4,66.38654601652085,117.0,351.0,266.0,419.53686793509297,473.0,274.0,235.0,353.5
2001-01-08,76.6,98.1,79.53054616665871,132.0,7.1,49.35587241464164,144.0,236.0,428.0,340.2528564258418,293.0,186.0,175.0,42.2
2001-01-09,51.6,58.5,105.95810851829499,58.0,62.0,74.14765967650807,182.0,470.0,667.0,586.1255204053216,714.0,677.0,100.0,777.2
2001-01-10,11.7,124.5,169.61541511195105,255.0,133.1,100.39272506004586,91.0,591.0,816.0,547.2983078586551,463.0,275.0,210.0,667.9
2001-01-11,0.2,76.1,158.84496488665113,137.0,139.8,101.28006997656391,350.0,474.0,734.0,796.6660358684601,971.0,581.0,60.0,375.0
2001-01-12,0.1,10.1,103.63692289910287,15.0,21.6,74.70970017149887,142.0,347.0,948.0,466.07624890133667,692.0,487.0,125.0,105.2
2002-01-01,5.651655870881854,0.0,11.943768901850927,0.0,0.0,18.357084968632257,39.0,15.0,60.0,121.72731719910809,116.1079626779779,186.0,0.0,28.2
2002-01-02,0.0,0.0,19.33100166153134,0.0,0.0,22.416246600932695,27.0,51.0,127.0,205.6263548184075,332.0,200.0,60.0,12.4
2002-01-03,1.5,20.0,31.27004393152974,0.0,0.0,28.81050352866015,49.0,197.0,258.0,227.09705054593474,325.0,251.0,50.0,97.6
2002-01-04,13.0,41.3,90.70706076910469,58.0,32.3,65.10318587426848,106.0,454.0,686.0,473.98183188715427,637.0,571.0,120.0,428.8
2002-01-05,154.8,73.4,165.64950689909588,95.0,95.6,97.07457818865787,132.0,450.0,676.0,473.717931358386,537.330466562762,528.0,248.0,288.3
2002-01-06,92.2,51.3,109.46302667060905,42.0,62.3,70.48656322077008,168.0,160.0,568.0,375.4399011157718,359.14289039236104,274.0,183.0,319.0
2002-01-07,64.3,0.0,46.2949307458192,44.0,0.0,33.77653459219246,69.0,202.0,244.0,255.64088583815234,284.0,258.0,99.0,182.6
2002-01-08,73.9,57.7,90.96394203099105,156.0,45.5,58.1655639579763,128.0,180.0,321.0,358.93293899363357,276.0,366.0,205.0,189.7
2002-01-09,63.7,81.9,95.27643695079126,75.0,81.2,64.55104600011684,252.0,117.0,340.0,406.2815090332478,270.1336638682827,400.0,152.0,432.6
2002-01-10,110.79915152929249,163.6,160.29359381075108,158.0,85.5,99.93879374576825,186.0,451.0,906.0,605.6814862271108,606.0,547.0,445.0,692.6
2002-01-11,65.2400900679024,8.0,83.44977437702292,70.0,0.0,56.53667003099681,122.0,334.0,737.0,437.35427507724586,595.0,221.0,155.0,156.2
2002-01-12,59.770512554158564,80.6,71.38374957774478,113.0,46.2,124.0,77.0,295.0,104.0,359.1915450419577,297.16387580764683,137.0,40.0,130.0
2003-01-01,0.0,0.0,0.0,0.0,0.0,0.0,79.0,33.0,14.0,123.46008240079622,105.922745331454,59.0,20.0,13.0
2003-01-02,0.0,0.0,0.0,0.0,0.0,0.0,24.0,22.0,38.0,160.091610764385,265.0,65.0,40.0,5.0
2003-01-03,0.0,68.6,11.0,106.0,24.9,0.0,83.0,159.0,91.0,209.14970217889467,120.0,313.0,55.0,231.2
2003-01-04,7.2,295.6,296.0,180.0,78.4,171.0,227.0,198.0,685.0,539.8471073744092,335.0,272.0,195.0,333.6
2003-01-05,0.0,46.7,83.0,70.0,157.4,39.0,104.0,459.0,509.0,219.19210688727722,85.0,257.0,265.0,283.4
2003-01-06,59.2,72.3,137.0,101.0,58.6,237.7,236.0,77.0,655.0,656.8083696577,470.0,117.0,230.0,839.8
2003-01-07,68.3,33.4,117.0,134.0,54.4,84.6,146.0,307.0,932.0,438.48804790681146,423.0,370.0,195.0,219.0
2003-01-08,54.8,166.5,80.0,112.0,50.1,66.5,254.0,254.0,527.0,505.40509393441386,380.87418267257743,337.0,215.0,744.5
2003-01-09,22.3,138.2,265.0,169.0,168.3,203.0,377.0,513.0,393.0,723.0694279696647,513.3227286571778,496.0,540.0,500.4
2003-01-10,172.6,81.5,211.0,124.0,161.0,103.2,302.0,470.0,647.0,663.5347026649904,541.5652956838218,282.0,540.0,1094.2
2003-01-11,28.0,257.2,287.0,207.0,218.5,84.0,165.0,426.0,1069.0,600.342235648985,650.6132889059384,237.0,395.0,422.3
2003-01-12,49.4,30.3,17.0,23.0,15.8,19.0,156.0,334.0,443.0,328.0908355455272,372.80214349037976,143.0,75.0,311.0
2004-01-01,2.4443656155260634,1.5,0.0,0.0,0.0,0.0,81.0,27.0,98.0,136.34968699859647,128.10596622585888,65.0,0.0,40.0
2004-01-02,0.0,0.0,2.0,0.0,0.0,0.0,31.0,61.0,113.73114009938058,116.20930018341073,149.61622429822074,75.0,35.0,5.0
2004-01-03,0.0,0.0,17.0,0.0,0.0,0.0,78.0,17.0,108.73264493071696,132.5644462808457,131.2858098582676,86.0,10.0,5.0
2004-01-04,46.7,157.0,139.0,217.0,16.1,158.5,303.0,307.0,691.0,787.7408736325763,730.0,822.0,330.0,688.7
2004-01-05,118.8,0.0,172.0,152.0,58.6,53.0,198.0,556.0,1154.0,540.0608108771576,599.0,560.0,240.0,370.8
2004-01-06,7.3,42.0,3.0,67.0,35.4,112.0,63.0,135.0,657.0,206.68663824573338,25.0,215.0,20.0,120.8
2004-01-07,64.9,56.3,83.0,139.0,32.7,67.0,179.0,355.0,730.0,346.4097382901989,130.0,602.0,160.0,428.2
2004-01-08,100.9,74.0,66.0,67.0,28.0,14.0,210.0,192.0,435.0,354.5439927484553,381.0,348.0,200.0,76.0
2004-01-09,165.1,127.28126626306059,86.0,147.0,113.8,85.6,199.0,423.0,871.0,535.5827630096358,394.0,393.0,390.0,950.4
2004-01-10,195.9,170.4219104507592,141.0,252.0,55.9,52.2,407.0,695.0,1198.0,765.0048774798584,658.0,870.0,340.0,788.0
2004-01-11,78.9,112.51880120618432,150.0,106.0,70.0,101.03087348065839,315.0,377.0,867.0,443.29334393933095,195.0,990.4,160.0,374.2
2004-01-12,0.5,17.753157115466088,3.0,0.0,0.0,31.609637377773673,119.0,133.0,332.0,229.1743882839576,255.0,541.0,30.0,32.0
2005-01-01,2.1,43.0,4.0,0.0,0.0,44.4,191.0,164.0,364.0,262.6505773022774,220.0,548.0,10.0,54.6
2005-01-02,0.0,60.8,2.0,0.0,0.0,3.4,174.0,103.0,231.0,219.56818053046447,200.70714241431142,312.0,45.375485747132664,76.4
2005-01-03,0.0,0.0,0.0,0.0,6.1,0.0,90.0,101.0,115.0,164.42505203263303,160.0,172.0,10.0,141.9
2005-01-04,16.7,105.6,106.0,209.0,32.9,103.3,264.0,334.0,390.0,616.4614001629798,609.0,307.0,220.0,111.6
2005-01-05,30.5,145.6,105.0,147.0,61.3,7.8,351.0,346.0,488.0,484.65824658686654,383.0,399.0,200.0,272.0
2005-01-06,204.1,165.8,202.0,246.0,6.6,130.4,272.0,366.0,660.0,665.9689937929013,505.0,315.0,170.0,600.1
2005-01-07,20.1,37.8,81.0,137.0,72.9,78.2,86.0,56.0,356.0,322.40440910707434,213.0,342.0,120.0,255.0
2005-01-08,69.4,176.9,126.0,119.0,53.5,125.3,129.0,172.0,415.0,442.14863111004115,373.0,332.0,265.0,338.8
2005-01-09,77.0,191.7,161.0,130.0,117.4,135.3,224.0,250.0,384.0,524.4086060602799,360.0,266.0,201.0,599.1
2005-01-10,114.9,75.0,192.0,213.0,41.0,107.0,416.0,384.0,781.0,882.5555218915933,884.0,618.0,135.0,808.8
2005-01-11,159.87503080900083,281.0,188.0,230.0,28.9,115.33726342004616,344.0,598.0,1444.0,866.7570981517174,900.0,641.0,345.0,803.5
2005-01-12,75.95051727937872,1.0,11.0,0.0,0.0,63.70770288752892,149.0,273.0,1114.0,232.95056301224486,165.0,600.0,165.0,61.8
2006-01-01,25.219945686232506,1.5,13.0,13.0,1.8,8.0,129.0,103.0,399.0,194.15389278932437,167.0,241.0,70.0,88.9
2006-01-02,7.696488645427586,0.0,0.0,0.0,0.0,0.0,163.0,0.0,183.0,154.1659860585748,53.0,51.0,130.0,108.8
2006-01-03,29.32078793267128,11.2,4.0,45.0,5.6,5.0,610.0,311.0,347.0,557.4496467214162,358.0,457.0,32.0,339.7
2006-01-04,134.11371678469186,71.8,287.0,95.0,90.1,120.4,709.0,572.0,770.0,759.267755403137,479.0,278.0,204.58338457138782,287.1
2006-01-05,127.07559570968067,254.9,156.0,218.0,49.9,110.4,438.0,386.0,987.0,608.0527434042394,342.0,524.0,159.33695845606695,143.2
2006-01-06,97.769607387609,113.6,254.0,202.0,39.9,111.6,377.0,214.0,471.0,580.8746305842135,220.0,314.0,215.2248910822056,747.0
2006-01-07,67.41631795239914,17.5,57.0,95.0,49.8,56.8,1150.0,125.0,337.0,874.3048552477655,319.0,457.0,132.09396840011294,299.0
2006-01-08,127.08590060341808,123.0,150.0,177.0,15.9,182.0,900.0,216.0,551.0,923.4818681353654,451.0,226.0,142.50643872839845,212.9
2006-01-09,93.35115973843168,31.8,102.0,144.0,27.5,128.4,206.3,486.0,796.0,583.8393300201535,487.0,257.0,248.31564385049037,733.5
2006-01-10,111.38196499643749,178.0,122.0,141.0,88.1,104.7,372.0,541.0,1083.0,804.7138017744437,850.0,561.0,322.10529800490815,788.2
2006-01-11,136.9915909788263,104.4,133.0,220.0,91.1,133.6,277.0,469.0,1274.0,661.396965302848,513.0,633.0,272.0160659306508,609.9
2006-01-12,29.967125530310085,0.0,14.0,0.0,0.0,3.7,84.0,209.0,482.0,159.37127182841934,184.0,562.0,42.08458760412867,0.0
2007-01-01,18.528212649264248,0.0,0.0,5.0,0.0,4.0,48.0,151.0,352.0,105.66784145707466,91.0,131.0,28.498856300292942,0.0
2007-01-02,0.0,0.5,4.6,0.0,0.0,0.0,10.0,4.0,16.0,61.59989812377261,44.0,26.0,9.166086602836115,0.0
2007-01-03,33.663322317896935,75.0,125.0,165.0,33.0,21.0,102.0,130.0,101.0,248.13837738669147,94.0,109.0,98.50844568566315,175.7
2007-01-04,71.4089076752276,194.1,164.0,180.0,38.5,27.6,333.0,564.0,617.0,579.6193163271771,489.0,419.0,241.18645864216052,559.8
2007-01-05,117.83948928235372,161.0,200.0,193.0,117.1,113.86650895188393,215.0,639.0,1018.0,710.3569911497807,664.0,492.0,377.07854670201766,1065.0
2007-01-06,40.75616571212536,97.0,74.0,64.0,48.5,43.0,155.0,185.0,303.0,326.1839786478295,293.0,316.0,120.07255818368188,243.1
2007-01-07,48.184575087773744,120.0,29.0,133.0,80.9,36.0,109.0,157.0,505.0,325.4884587848974,295.0,125.0,130.6910374420957,150.5
2007-01-08,98.74971187830062,247.0,259.0,186.0,112.7,35.9,338.0,394.0,813.0,615.0159937855071,509.0,654.0,282.61620621445104,713.5
2007-01-09,76.20666862647687,229.0,76.0,180.5,119.3,74.45943206778985,361.0,233.0,433.0,614.6830705725802,520.0,360.0,210.014842887925,314.4
2007-01-10,142.59017160087473,219.5,243.0,314.0,218.3,145.0,358.0,445.0,969.0,1039.1945276423312,1102.0,559.0,454.23206082700517,974.2
2007-01-11,52.1903005372123,71.0,37.0,97.0,145.6,39.0,60.4,281.0,612.0,416.0131975943176,544.0,573.0,104.8,441.3
2007-01-12,53.71950073235674,28.9,106.0,57.0,0.0,25.0,148.0,387.0,505.0,337.84616728432417,418.0,458.0,100.15661070200814,48.0
2008-01-01,0.15199885053464968,0.0,0.0,0.0,0.0,0.0,31.0,52.0,64.0,141.44757134749642,211.0,71.0,71.3,5.0
2008-01-02,5.853586837700075,1.0,0.0,10.0,0.0,0.0,56.0,181.0,142.0,171.7688480574301,235.0,208.0,0.0,29.5
2008-01-03,10.424148249478499,1.0,45.0,24.0,5.1,0.0,47.0,78.0,154.0,145.14035706676543,124.0,210.0,17.7,188.8
2008-01-04,69.95769222463517,216.3,142.0,120.0,41.6,63.29522236470185,125.0,234.0,294.0,376.3280753290025,359.0,350.0,114.6,190.6
2008-01-05,61.076555458600915,163.9,101.0,133.0,40.6,36.8,241.0,474.0,510.0,403.6554877981389,303.0,541.0,144.0,221.3
2008-01-06,86.11247402773236,67.5,192.0,134.0,59.2,104.9,142.0,398.0,363.0,560.3266560080922,723.0,499.0,67.2,84.6
2008-01-07,63.53147634104919,133.0,87.0,117.0,50.3,57.988103168169424,225.0,387.0,433.0,432.2763093440358,380.0,239.0,161.7,208.0
2008-01-08,94.37978607379142,63.9,202.0,144.0,50.0,91.26327905563889,257.0,318.0,622.0,533.4963734807966,464.60670285312585,505.0,214.3,332.4
2008-01-09,42.27064029591664,89.4,43.0,96.0,13.9,39.08480319383916,273.0,301.0,372.0,445.9471660270231,350.62369686518986,252.0,140.4,459.3
2008-01-10,181.30347442049032,282.1,344.0,353.0,177.0,163.56681091070132,418.0,336.0,973.0,835.3752128401545,635.1240866048645,550.0,262.6,230.2
2008-01-11,152.18404657525573,194.1,381.0,297.0,58.0,130.37218725523874,294.0,747.0,626.0,741.8450199146512,701.7445516845999,658.0,439.0,178.8
2008-01-12,38.38995026241181,19.3,7.0,0.0,0.0,35.29380054702458,134.0,69.0,517.0,248.76528910354884,282.484845702934,185.0,6.0,13.2
2009-01-01,17.40849622586564,14.0,19.0,35.0,0.0,24.725388059416716,110.0,169.0,199.0,246.52651252202617,228.13811427386185,232.0,53.5,222.6
2009-01-02,16.974305842242217,2.5,15.0,0.0,0.0,26.548753630764914,109.0,157.0,181.0,203.95093450606072,217.26918247070543,400.0,25.9,21.4
2009-01-03,21.92808951818366,3.5,16.0,0.0,0.0,29.625350573834613,147.0,265.0,248.0,259.2407997558416,285.18872046338277,467.0,110.0,79.2
2009-01-04,30.59756836023947,3.0,6.0,0.0,5.0,31.635451545372163,151.0,313.0,422.0,293.71110855480663,357.90319335005023,243.0,33.2,90.3
2009-01-05,111.95223427722166,280.8,178.0,278.0,8.0,77.81415257293479,252.0,451.0,609.0,607.5710408283296,535.2934697338503,378.0,93.2,201.5
2009-01-06,50.20449620808831,151.7,88.0,165.0,7.0,46.52718438283964,183.0,117.0,196.0,368.73380964064893,232.32701534831344,519.0,155.0,221.4
2009-01-07,61.409850909331816,1.0,15.9,117.0,17.0,52.10184961268632,204.0,284.0,749.0,435.25679541974074,453.0691831047035,315.0,21.5,87.7
2009-01-08,61.18031837205309,82.0,28.0,64.1,8.0,51.46706306786461,184.0,221.0,683.0,387.29851574834396,409.3014498533784,485.0,204.1,170.2
2009-01-09,79.05169826866756,199.0,136.0,160.0,62.2,72.12396379087109,124.0,194.0,416.0,389.58196834492264,346.7001409197451,329.0,54.1,108.6
2009-01-10,69.793037995302,130.7,106.0,146.0,46.0,64.46366725213363,177.0,354.0,451.0,439.5870739271926,416.56269456520164,407.0,123.3,177.8
2009-01-11,67.18308596071532,128.0,102.0,105.0,15.0,55.378441079536614,161.0,500.0,524.0,452.7027881458169,497.13572079965405,271.0,120.9,334.8
2009-01-12,30.821830938876076,26.0,78.0,60.0,53.0,44.120297311077515,29.0,154.0,171.0,221.10110122249705,226.46630976913536,85.0,0.0,121.81629032143879
2010-01-01,0.0,0.0,0.0,0.0,0.0,11.668241662518788,0.0,0.0,10.0,84.55271503328734,92.30227603665898,10.0,0.0,0.0
2010-01-02,5.425479754476431,0.0,27.0,0.0,12.0,19.363570978197746,70.0,37.0,12.0,140.36824331018857,113.89143169979332,31.0,25.0,58.5
2010-01-03,32.28842819591026,76.0,50.0,150.0,28.0,39.57229923113624,141.0,208.0,127.0,333.31317554489993,238.79738072752806,478.0,49.4,182.3
2010-01-04,62.71987831172371,68.1,143.0,120.0,109.0,78.80271344034347,257.0,471.0,227.0,463.00320307418195,403.90506198527453,596.0,176.8,94.9
2010-01-05,83.87277076240295,170.1,123.0,137.0,106.0,81.89274182229336,215.0,570.0,554.0,529.5542019903139,548.8578519641112,378.0,235.3,263.8
2010-01-06,69.11988894484355,145.0,97.0,160.0,104.0,75.30726900846241,208.0,354.0,443.0,486.51315390801443,413.74784055194726,498.0,195.6,348.3
2010-01-07,84.98641273344228,121.5,144.0,205.0,75.5,81.21017397695176,309.0,599.2,531.0,632.5614728557889,555.9915637023997,499.0,244.2,431.4
2010-01-08,111.37132782842986,258.3,211.0,233.0,60.2,93.2758763785839,437.0,189.0,508.0,644.6725089103052,395.0637774796466,436.0,389.1,333.9
2010-01-09,109.45082040750188,198.3,179.0,227.0,57.7,94.97588491412817,509.0,629.0,592.0,767.2970173947626,604.0423780938968,912.0,277.5,354.1
2010-01-10,77.1670072642664,98.5,130.0,210.0,105.0,81.56203698148462,159.0,295.0,410.1773930530037,466.0409641808339,386.25575738126116,386.0,333.7,202.3
2010-01-11,139.5,195.2,113.0,58.0,71.0,84.78094367556932,403.0,686.0,727.4508085199968,634.4061713875842,649.4250776816637,838.0,273.3,336.1
2010-01-12,54.8,274.0,240.0,22.0,172.0,123.15509148481637,334.0,760.0,763.2916549820625,615.0591577542436,703.2560997557407,884.0,58.8,194.8
2011-01-01,0.2,16.5,3.0,3.0,0.0,19.79706830490651,75.0,86.0,156.57034675867155,168.1269240801533,177.57249240157304,147.0,10.0,30.6
2011-01-02,0.0,41.5,5.0,0.0,0.0,22.47617201916392,100.0,312.0,259.16452455592906,235.42095362074502,306.02702185099525,233.0,134.5,45.0
2011-01-03,0.0,56.5,40.0,26.0,18.0,36.39286810021558,132.0,175.0,290.76755289633087,262.53189967185546,262.60646198393005,357.0,103.1,97.0
2011-01-04,3.7,69.0,38.0,30.0,10.0,41.001207987845554,257.0,527.0,506.0307215960331,435.12951415427545,477.4779941533837,537.0,257.1,247.9
2011-01-05,118.5,489.2,257.0,305.0,305.0,153.17332709225704,354.0,452.0,653.8801213446566,754.2239415292038,574.9567949592213,472.0,156.9,314.5
2011-01-06,23.1,198.5,103.0,196.0,39.0,61.33731496716999,185.0481627139086,292.0,470.5927351984948,462.6364970518524,390.59607513880735,497.5,105.6,232.60440842014017
2011-01-07,135.9,124.0,82.0,160.0,36.0,59.63871872964787,217.49127946308406,477.0,479.8747638014448,507.9373576657868,481.8123287867348,288.0,214.4,344.3168284116307
2011-01-08,111.0,234.0,109.0,271.0,86.0,68.17249041837553,167.8073577095103,246.0,220.0,472.5786251870898,315.50927184438433,362.0,90.2,285.8790910361678
2011-01-09,83.6,164.3,311.0,313.0,142.0,124.99409558364047,243.59179565157132,267.0,487.0801362014857,624.7745569553672,433.89122173747785,297.0,291.4,316.68885746972524
2011-01-10,229.3,193.0,219.0,188.0,163.7,106.28349587193716,170.5142561434779,131.0,213.0,451.37150348382363,284.4820061466832,326.0,186.6,354.7930872358204
2011-01-11,218.7,323.5,306.0,356.0,318.0,179.03395342573376,344.542737290275,822.0,796.0,913.2476785540509,789.949474462542,831.0,315.2,614.2116349854106
2011-01-12,17.5,94.5,193.0,47.0,96.0,88.25391048621685,190.1096985853768,690.0,497.0,491.0837685291754,580.601559675451,529.2554122227974,92.8,302.0922051379489
2012-01-01,0.0,0.5,0.0,0.0,0.0,20.740385985233623,77.33258481300817,89.0,139.0,168.58165050947724,169.80778117707416,345.0,16.3,63.70821825369827
2012-01-02,0.0,0.0,0.0,0.0,0.0,18.784230382537828,89.17677529833168,128.0,230.0,193.376616291561,214.2604352088304,22.0,0.0,82.03355011249073
2012-01-03,0.0,96.0,45.0,90.0,63.0,53.17851619810917,142.91026802565594,265.0,431.0,357.717342056362,351.9041835764378,411.0,0.0,171.321683158912
2012-01-04,23.0,16.7,228.0,209.0,260.0,129.6726869204564,239.06626334566107,533.0,439.0,592.8341192206103,501.0250742046969,613.0,355.0,258.3777337258135
2012-01-05,70.29592024341554,138.4,178.0,193.0,40.0,67.41880346664476,166.26217735874997,347.0,189.0,439.9329609471849,348.164906764441,374.0,175.0,248.34658619946325
2012-01-06,34.6330398708205,81.3,48.0,85.0,0.0,32.994620903529395,148.8942800704594,155.0,245.0,298.42576747938097,248.62331008372374,217.0,245.0,140.89611687281757
2012-01-07,11.0,15.0,50.0,100.0,36.0,46.78923139636432,148.71861469404325,149.0,412.0,332.9914598860204,292.28422157667103,236.0,100.0,132.70838613545413
2012-01-08,91.0,93.2,113.0,154.0,69.0,73.62299784171236,258.9887903216578,397.0,559.0,525.5760842015898,468.92963879700034,326.0,475.0,297.1300593222809
2012-01-09,34.0,96.0,100.0,83.0,56.0,62.51884178796849,174.2708652658628,329.0,401.0,393.57237140595936,382.23296682087613,473.0,190.0,216.1724309280913
2012-01-10,115.5,173.0,133.0,215.0,165.0,89.30803308572173,198.61637104339925,288.0,227.0,480.79895347100455,333.58362130742364,503.0,325.0,282.98214565587307
2012-01-11,29.0,53.6,120.0,130.0,0.0,58.65393415853052,206.74760324378792,370.0,541.0,459.1237757863845,444.4367688577818,338.0,222.0,230.9914734216563
2012-01-12,0.0,18.0,0.0,27.0,11.0,27.72222237419864,92.74817156259616,133.0,215.0,216.1534840423754,214.1659120118006,471.0,0.0,87.60566732269812
2013-01-01,0.0,2.0,0.0,0.0,0.0,12.158368828858901,51.78408745019338,4.0,10.0,115.07237968697653,93.82115623563078,54.0,0.0,31.66793791439827
2013-01-02,0.0,0.5,0.0,0.0,32.0,18.543117034695683,57.70412929986966,42.0,35.0,133.40068259958213,117.68231001946026,23.0,0.0,41.81408729812817
2013-01-03,29.0,10.8,52.0,65.0,18.0,38.87847415777263,90.55889346440841,93.0,132.0,231.4541954652447,183.3804275265975,553.0,17.0,100.47625286517196
2013-01-04,24.0,16.7,54.0,27.0,109.0,58.97809852339101,138.20128742887596,164.0,272.0,282.05918509894764,255.1992173580218,443.0,213.0,127.11067007569677
2013-01-05,84.1,138.4,158.0,239.0,58.0,84.45340188040983,254.1809850818349,628.0,611.0,635.9178099276269,598.3570814191332,527.0,205.0,369.4849371176231
2013-01-06,87.2,123.9,85.0,198.0,53.0,46.75130180266769,132.5048952094304,222.0,51.0,361.1877845492679,237.82752966616752,194.0,125.0,205.5671644706122
2013-01-07,34.0,50.0,10.0,175.0,11.0,25.515446197736626,137.7452282584676,331.0,132.0,352.97166168914254,287.49287254222963,247.0,110.0,162.89834398026338
2013-01-08,96.0,79.6,55.0,76.0,114.4,64.72887055532185,181.34553982257648,408.0,347.0,405.46068677406885,396.297984806342,446.0,235.0,261.63274949377944
2013-01-09,158.0,147.5,162.0,216.0,153.0,91.7625794022007,210.83446488265912,486.0,278.0,541.586689792975,441.6709824881315,332.0,260.0,360.3994545026526
2013-01-10,245.0,63.6,72.0,370.0,129.0,81.44627380918351,237.97967382053608,248.0,390.0,597.2649613704423,364.5020801505605,315.0,260.0,360.60368046891926
2013-01-11,17.0,91.2,83.94512722137803,115.0,17.0,55.67128215833138,196.9721562403516,508.0,555.0,466.23387463632906,503.6948282800494,431.0,130.0,208.2
2013-01-12,0.0,24.0,35.4130888530193,65.0,2.0,30.84521799308966,103.89703831981929,206.0,216.0,256.3370254851691,254.5314912573312,332.0,30.0,46.3
2014-01-01,3.874739209579257,0.0,10.935168357476677,0.0,0.0,15.686760699607529,54.92979121356993,16.0,46.0,123.73786798268854,111.8537164173795,58.0,0.0,4.0
2014-01-02,6.765889979148827,0.0,14.11242840174338,0.0,0.0,17.478873828957795,61.815450087163526,18.0,82.0,133.50730931753702,124.2950826239288,48.0,15.0,3.0
2014-01-03,15.67805798146357,6.3,25.197790765053924,75.0,3.0,24.941743446010808,92.71491936396725,42.0,83.0,213.43259500905975,141.71815388263732,266.0,70.0,125.3
2014-01-04,73.02577942375194,84.5,201.3347708421746,211.0,245.0,113.3759778017176,143.29068273872403,160.0,165.0,433.1823274712237,262.4055999414496,338.0,85.0,233.9922004853446
2014-01-05,75.31081541324119,169.0,118.47793700553024,98.0,81.0,74.8501103449521,182.8355892292406,221.0,560.0,421.96324807766297,391.8247956064778,270.0,115.0,251.3
2014-01-06,17.788877586428377,35.0,35.447880317567794,40.0,23.0,28.377107738315804,80.62539977681641,65.0,94.0,190.42419421323524,157.0251657229466,127.0,45.0,54.7
2014-01-07,12.099261408463331,65.0,15.732402643086644,50.0,0.0,17.95530487113406,64.50973475510628,31.0,46.0,163.34446680406683,125.50689775788965,99.0,0.0,16.7
2014-01-08,86.81858095080807,193.0,150.49250543394635,170.0,112.0,86.98592862398466,209.63176952787344,475.0,545.0,538.184140146254,508.1821021041038,316.0,105.0,334.396801016547
2014-01-09,120.31924428508944,104.0,277.09887492480016,340.0,293.0,158.57350656105876,237.53810048042862,246.0,608.0,679.9559899706244,450.86924050058917,612.0,65.0,449.9
2014-01-10,126.57708188066289,207.0,234.22610477001123,340.0,209.0,133.82758911913754,348.50996534945205,354.0,686.0,793.8324569196088,524.2966374945609,498.0,475.0,887.6
2014-01-11,82.04071345482788,117.0,148.14391859962552,115.0,117.0,91.62676864367764,216.13469935427335,397.0,404.0,488.7282484666507,432.67567109320817,795.0,319.0,372.6
2014-01-12,47.289744868135045,41.0,106.9658654300536,110.0,105.0,68.91975260812143,114.29610225883944,59.0,275.0,308.6774058733006,224.45929857449983,305.0,0.0,135.8
2015-01-01,17.165200844739793,0.0,39.108885932545306,50.0,21.0,29.00779824581976,78.5926848050681,147.0,121.0,206.6567791955946,198.74140021557747,112.0,0.0,0.0
2015-01-02,18.849544230545945,27.0,30.33884243946452,35.0,10.0,28.534461048158715,90.19760886169601,78.0,102.0,202.94144652666213,164.91454409137157,338.0,68.0,122.6
2015-01-03,14.984962762674435,2.0,24.302584868036057,0.0,0.0,22.13545893842853,82.36461699943078,57.0,144.08351479228594,173.43075199596487,163.80685687571457,44.0,33.0,100.8
2015-01-04,51.415705812386896,73.0,79.68383515732086,215.0,37.0,51.48080630215951,147.36736580194287,99.0,268.8931200489246,378.22669710562053,243.6116950121187,249.0,85.0,155.24151141933947
2015-01-05,50.34336906770866,126.0,72.39310758806555,72.0,35.0,51.13287186278095,149.60966605446276,257.0,389.17126116875403,350.3508429565102,342.7276036309342,379.0,82.0,209.3905324266984
2015-01-06,21.277942760181908,76.0,24.648674544111053,30.0,0.0,24.13151027905258,88.05955348516521,46.0,182.0,197.03901561411715,174.33485163984693,107.0,20.0,93.36935350030723
2015-01-07,45.68105376874285,56.0,81.90797927389262,90.0,54.0,54.58193478647811,132.25679569202157,170.0,366.0,329.50543213119204,294.83610919373973,226.0,15.0,168.22204923256243
2015-01-08,48.97520637702167,44.0,109.39234502106765,145.0,105.0,67.93741159691491,133.36456543474634,103.0,221.0,341.3367814897739,231.3618921517639,289.0,105.0,159.82795537365595
2015-01-09,84.62207375977428,273.0,159.80979686531103,175.0,161.0,92.81438328682528,155.1471292681045,208.0,340.0,428.4329844768732,338.8787797268051,275.0,87.0,146.5
2015-01-10,104.82487802380317,319.0,156.63081524997267,160.0,102.0,88.83717277571452,214.11019799844175,533.0,589.0,531.0007850085874,560.4549849028871,319.0,215.0,69.5
2015-01-11,58.98439494097517,79.0,79.48095123086166,86.0,19.0,56.81852354453673,164.47667237382194,263.0,576.0,394.0755273569933,399.238713575358,407.0,0.0,225.1
2015-01-12,14.053387508639151,10.0,21.789805327684626,5.0,0.0,22.674095944039017,73.53276501868831,38.0,169.0,162.49879510348424,161.06811544047844,93.0,0.0,19.2
2016-01-01,6.469541956822635,6.0,25.68688796190213,30.0,25.0,21.743769132168893,56.89316735919604,16.0,4.0,141.41590884394583,103.56065169971994,9.0,15.0,5.0
2016-01-02,0.8727557843624112,0.0,7.398311126268492,0.0,0.0,13.421207299374267,49.945040511112666,4.0,10.0,112.9680560209701,95.06409183738808,38.0,0.0,6.5
2016-01-03,11.048392395807603,1.0,19.052110903461923,30.0,0.0,20.382278122286777,69.49329493438937,4.0,129.0,158.9983036949471,133.63637354232387,39.0,0.0,2.7
2016-01-04,80.22497982667642,148.4,160.28839114954584,173.0,148.0,95.48385688427477,175.00531121368118,330.0,380.0,474.39032507806274,396.6863752621711,552.0,93.0,257.1
2016-01-05,94.48076441027504,310.5,196.92228007418615,259.0,221.0,111.3173255554859,155.06187848536354,198.0,229.0,477.6396682878542,314.5098970801712,384.0,80.0,168.3
2016-01-06,47.46936493285595,72.0,61.72442697319883,115.0,12.0,44.04908157284272,138.82058997971478,88.0,436.0,319.6904280906872,278.62249540501625,103.0,60.0,48.3
2016-01-07,47.55921754825101,79.0,63.385550638654365,111.0,18.0,45.93786771478393,145.45022960010886,132.0,306.0,320.79394593387264,264.21171109468986,371.0,175.0,91.8
2016-01-08,68.57111204773747,125.0,117.00191837893146,188.0,90.0,73.80147561873936,171.76394691328443,97.0,347.0,407.4836794024523,277.2437067531365,388.0,201.0,170.5
2016-01-09,97.63142204794397,138.0,181.5557041214834,196.0,157.0,108.37742373324198,206.2300988462308,144.0,648.0,505.9861888928913,398.7694131342655,301.0,139.0,195.9
2016-01-10,126.73529518719164,301.0,247.7500931243388,356.0,250.0,140.31157012817275,245.37055557347432,274.0,446.0,660.7859359722818,428.69151317123703,625.0,267.0,355.4
2016-01-11,104.29379827479457,295.0,194.19778422713821,83.0,193.0,111.89061796023714,237.80039544450256,417.0,446.0,524.5685133029086,473.2352997260917,520.0,396.0,478.0
2016-01-12,81.79275206687353,83.0,128.39715615196022,73.0,73.0,81.86024285869196,193.37200500204608,218.0,695.0,416.9012093158632,429.18852180361444,335.0,180.0,78.9
2017-01-01,13.726271664582459,2.0,22.77998630769641,0.0,0.0,24.444913916427836,67.43625089888437,97.0,114.0,160.47535383849942,171.8079801295302,308.0,0.0,0.0
2017-01-02,21.58992923852238,0.0,53.830055414074494,50.0,47.0,37.83633615857248,79.83641585573642,34.0,141.0,197.06476986311074,158.50530261980174,68.0,25.0,1.3
2017-01-03,59.9076784008874,179.0,111.45353644207945,222.0,89.0,64.00971634273853,148.44413699634694,454.0,129.0,443.3810436721272,370.2710305560442,465.0,91.0,156.0
2017-01-04,83.1300687033384,219.0,154.4124441896969,94.0,139.0,92.20858063558804,162.74340397563418,403.0,432.0,438.2255873026315,444.87930356655096,516.0,58.0,198.3
2017-01-05,176.0437970279866,478.0,304.5674249582421,340.0,288.0,173.72192308733315,319.1480004550922,283.0,817.0,776.9842284842457,569.1903931937486,690.0,419.0,413.4
2017-01-06,105.32484064378892,140.0,240.50520820034865,196.0,261.0,134.90150374159163,203.1356511850892,251.0,417.0,516.9485969187655,393.17540157164683,409.0,283.0,159.1
2017-01-07,79.19402005855014,74.0,194.4718422514443,230.0,217.0,108.96092590991866,182.03005556548598,148.0,216.0,459.25243788494254,275.24570738083423,292.0,304.0,177.3
2017-01-08,54.57684997812746,125.0,88.56608573038429,51.0,52.0,55.12515964345684,162.4469170270932,456.0,248.0,367.45484893633125,396.75814937721526,494.0,248.0,175.9
2017-01-09,91.17978878020793,167.0,148.39970638676192,181.0,100.0,87.58073548879409,242.7988369335684,414.0,518.0,548.2843775938427,477.77758053546376,466.0,348.0,330.0
2017-01-10,113.68515232265025,235.0,233.33956283634762,302.0,236.0,130.55096836490839,228.15314876574936,321.0,504.5164436617785,620.8788288360556,453.47487674951634,372.0,187.0,294.9
2017-01-11,85.94086743834646,128.0,156.88886475985623,120.0,126.0,94.62141227708062,212.0335928491171,383.0,529.8613901820747,494.9789693826684,462.6106852376255,535.0,234.0,287.3
2017-01-12,23.822586651282485,5.0,35.697411487099835,0.0,5.0,32.726873919163154,99.89297327693451,108.0,258.50363141546154,217.2236894334753,221.77029909245542,313.0,22.0,136.4
2018-01-01,27.966115110435098,11.0,36.26627910065763,25.0,0.0,33.61753201051938,102.5490667263444,40.0,232.05052743849873,211.21624887448618,188.62084445348407,368.0,88.5,63.1
2018-01-02,12.866393587327682,0.0,21.37487858124897,0.0,0.0,21.680723425433264,62.45440164531898,5.0,105.09083526724109,138.50545239227205,129.24387626614498,100.0,0.0,0.0
2018-01-03,50.78114428610569,22.0,104.81404606623983,30.0,89.0,68.69505418471496,130.7912116290285,157.0,330.2428415176737,298.4256077396613,283.65543536862117,432.0,113.5,127.6
2018-01-04,101.73859329495559,10.0,256.6257481853688,159.0,274.0,141.45212880484377,200.93836759027516,372.0,448.59758246847275,528.0755868914863,449.7681196725815,414.0,222.0,196.4
2018-01-05,101.92605593077084,112.0,210.0894907782479,244.0,198.0,119.89064841682192,218.18608443588153,244.0,455.36400280310073,547.6977947592002,396.2447616434326,467.0,270.0,229.4
2018-01-06,34.624154991951784,25.0,47.58944982991068,87.0,0.0,32.86939864260097,134.3563634749831,201.0,238.94399502200469,297.2002761242209,266.6067812643869,148.0,145.0,119.4
2018-01-07,43.812209519456815,36.0,90.93229423929414,20.0,76.0,55.99985260368798,124.21985018888478,152.0,236.96772968748115,267.5466341203627,252.88716842579947,137.0,160.0,120.3
2018-01-08,56.88176723268756,125.0,117.35558259663156,107.0,119.0,73.0477468807498,132.75561749457893,72.0,300.7709659974479,337.1323928151598,245.69698015178355,216.0,55.0,224.3
2018-01-09,106.74789707372011,68.0,238.20948301502244,155.0,226.0,129.82665352071314,248.20821321599243,593.0,570.9303024014248,611.7853587538686,581.8600466055848,375.0,292.0,349.6
2018-01-10,150.20995261112162,228.0,281.30073151337444,315.0,233.0,158.25241120218445,336.6718590250732,900.0,893.6543879241599,868.2685208399726,833.2964475720648,926.0,330.0,391.3
2018-01-11,69.63209940867989,0.0,142.50991017339464,117.0,103.0,88.37096742355332,173.2081561118683,569.0,519.7930420941059,470.72168291010377,525.6714867144145,764.0,60.0,47.0
2018-01-12,12.145720539190506,0.0,20.789441553610366,0.0,0.0,20.783880915009,62.00747832895129,8.0,97.63368742369883,137.65778201360797,128.14763836523002,68.0,0.0,4.5
2019-01-01,15.142667017744056,0.0,23.568988461076124,0.0,0.0,23.96029669442963,68.6246596057796,11.0,132.3001521922489,149.19302004981193,140.5011385798269,163.0,10.0,13.0
2019-01-02,10.479661659937857,0.0,19.127271816312742,0.0,0.0,18.894001932024842,59.13303692597615,1.0,76.81964971731838,130.98274526044747,118.58845820731948,8.0,0.0,4.9
2019-01-03,31.425523339476854,0.0,49.29097615480614,15.0,8.0,38.67462298818068,119.32433893587687,279.0,321.28628728642076,275.1765727815158,318.2162952577048,393.0,45.0,100.9
2019-01-04,69.53826554821893,13.0,122.44952279779511,110.0,74.0,77.64490614789396,188.8684723567202,314.0,447.7570086888067,424.77242707405975,396.58003269288236,621.0,247.0,148.6
2019-01-05,134.28608303965268,201.0,272.1369855342575,133.0,261.0,150.34446304381387,277.56351048850865,589.0,649.5931146180519,638.3253537528328,623.6800630840773,576.0,477.0,267.1
2019-01-06,58.27536272966807,67.0,97.52793482963136,142.0,58.0,64.53751317001337,157.4114977571114,238.0,379.50340646727057,389.0320126032213,337.5284689526672,504.0,114.0,118.4
2019-01-07,67.72139483540147,28.0,179.0807088254942,0.0,203.0,101.47683241077026,146.81712455895556,216.0,330.41056602476914,343.29137227561216,324.6904008053767,154.0,160.0,251.4
2019-01-08,68.24269923211207,126.0,131.4870405602028,98.0,118.0,76.06442672311073,160.24945583648685,171.0,286.6587509452779,358.66080151569554,294.7071529480472,160.0,260.0,126.3
2019-01-09,104.61391258462754,149.0,211.05043461482208,138.0,200.0,115.50969279410769,220.61154872132943,295.0,392.42153816910456,484.70538063842866,405.7301313731095,268.0,466.0,136.9
2019-01-10,149.64284977982547,200.0,311.10640493025574,193.0,314.0,171.73137335308564,296.7595269687837,389.0,639.225403757878,671.9314315768875,546.6112535267837,580.0,558.0,356.0
2019-01-11,42.59620280233263,38.9220877044158,58.73260186852221,0.0,8.0,40.53165789473636,150.29826148291596,367.0,351.5715217823076,311.2143576857022,374.230019443349,305.0,185.0,138.5
2019-01-12,22.11009000789101,0.0,43.4163310898637,15.0,20.0,33.112865016120566,83.78650502800099,138.0,186.51472092739033,203.9881485292306,215.37370410868743,183.0,0.0,32.8
2020-01-01,24.498208346832655,35.0,56.61562236234151,30.0,52.0,38.82826064123477,74.89899141286335,10.0,127.13999950333488,186.21546419676477,147.2829943803708,37.0,0.0,60.9
2020-01-02,11.568116421092881,0.0,20.169731784021472,0.0,0.0,20.03320261423736,65.27305282624292,6.0,100.36480441738567,142.70295019139712,127.6196611604729,29.0,0.0,45.0
2020-01-03,16.413469358851188,0.0,32.262445927391354,0.0,13.0,26.428370478442403,72.33781637244856,49.0,124.88488934541536,160.99394007892562,156.5134813392063,76.0,20.0,28.7
2020-01-04,41.478296278978384,15.0,69.97603481844543,94.0,29.0,44.93169399878123,133.96048757811093,212.0,243.7591415902786,307.0038501210524,278.03331892667256,225.0,158.0,52.5
2020-01-05,98.1235802715365,325.0,182.49500409523165,221.98544913719493,193.0,105.50286062842851,194.15422823028476,133.0,389.7031057617359,483.90606817025633,330.8369943671884,244.0,250.0,199.5
2020-01-06,91.90056381690405,248.0,180.98313010113898,161.0,190.0,106.52400632206253,174.70921404192046,161.0,404.9307207805418,444.62380869925926,340.7161418288941,366.0,177.0,178.2
2020-01-07,67.90586515901097,89.0,135.4115841497757,37.0,121.0,81.21345000055162,167.0141532160357,255.0,381.4077005514643,366.1548333799231,354.53781102338763,321.0,227.0,203.4
2020-01-08,125.80835981929056,118.0,274.67621917167037,202.0,274.0,150.2618726246608,257.09761056712887,415.0,536.8362937448826,617.4157898135754,511.61317133585186,455.0,419.0,261.4
2020-01-09,104.6871266871627,177.0,218.10301081514248,120.0,216.0,118.68386886158734,226.5508512740017,397.0,458.04725515163113,519.6165902860569,467.5414370137536,203.0,378.0,271.3
2020-01-10,137.27410129579144,229.0,250.59599147069562,223.0,219.0,137.04945073650904,300.81880942698444,370.0,560.7757954036291,644.5285617082984,508.43135186214107,421.0,649.0,304.9
2020-01-11,123.50364205805352,236.0,250.97368395060087,222.0,249.0,137.41183570455345,248.0604760481849,424.0,523.6477855976912,612.0115384105525,511.51961411683425,364.0,368.0,239.2
2020-01-12,38.05540770983295,5.0,64.5077205991827,0.0,26.0,44.96013175879687,124.26002111720942,267.0,291.8397698676232,264.7618580591232,311.15749865912073,358.0,145.0,36.6
2021-01-01,15.599353252442587,0.0,26.33522437131522,0.0,0.0,23.619693422617686,72.7589493487954,112.0,146.57350058053464,169.69141574863463,188.60243487551514,129.0,0.0,1.8
2021-01-02,33.372396714814464,35.0,89.32686862933281,11.0,100.0,55.39667253417041,74.86083339249377,33.0,129.79274077051952,189.63133023605312,165.43509741226725,61.0,34.0,5.3
2021-01-03,29.629999901618838,0.0,41.601547073581294,14.0,0.0,34.8798523474797,109.19239794356984,175.0,260.45967337450907,233.76310754178473,255.909860619537,382.0,95.0,27.7
2021-01-04,95.48657301854365,133.0,162.7473663975591,157.0,117.0,98.3267076539015,226.5875044787598,380.0,532.8991841035165,515.0268296840463,469.4378765439207,674.0,342.0,167.9
2021-01-05,104.53471867743687,58.0,205.47142963690592,142.0,173.0,120.04645716975318,235.78479434693736,380.0,543.5347670752747,532.0346180057326,479.00677561595165,714.0,394.0,178.2
2021-01-06,103.78561174071012,150.0,208.9022452633536,89.0,196.0,118.42144446024413,221.66676009415545,431.0,510.6780165940976,502.45527393637,493.96914120816655,480.0,370.0,182.1
2021-01-07,88.26142407765951,114.0,174.73730611265466,108.0,156.0,100.0390883212191,203.70451727386322,330.0,435.4490996767473,461.2097665214731,417.80775332239523,368.0,319.0,202.8
2021-01-08,145.31317360295338,164.0,280.2432172647772,212.0,252.0,159.11233241859046,314.7114744992042,451.0,721.4545653432858,703.858502480502,589.8044708440957,796.0,553.0,394.4
2021-01-09,89.10291558627159,122.0,108.42336014897242,102.0,13.0,63.88793734768906,276.93803182610304,462.0,521.4155978307683,512.1588739488079,497.3224312035396,412.0,635.0,296.1
2021-01-10,167.4946115712652,214.0,347.10783009016177,307.0,356.0,196.859649374288,302.27564117996724,245.0,684.2496828861877,728.3152661228166,509.09817856497506,932.0,525.0,273.3
2021-01-11,62.65411960363982,11.0,98.15136400327431,81.0,34.0,60.37246242381708,194.22416501967874,402.0,403.7438123359719,406.5424669946648,418.41890606861745,437.0,330.0,123.0
2021-01-12,36.82916921721863,16.0,67.48936374881565,23.0,43.0,50.7400924008277,106.02790117625216,132.0,292.1443316686459,248.6026335088158,251.24802252499202,468.0,42.0,52.5
